{
  "items": [
    {
      "url": "./post-2026-02-15_01-20-17.html",
      "title": "Daily Update 2026-02-15_01-20-17",
      "date": "Sunday, 15 February 2026 01:20:17 UTC"
    },
    {
      "url": "./post-2026-02-14_01-13-22.html",
      "title": "Daily Update 2026-02-14_01-13-22",
      "date": "Saturday, 14 February 2026 01:13:22 UTC"
    },
    {
      "url": "./post-2026-02-13_01-20-49.html",
      "title": "Daily Update 2026-02-13_01-20-49",
      "date": "Friday, 13 February 2026 01:20:49 UTC"
    },
    {
      "url": "./post-2026-02-12_01-17-28.html",
      "title": "Daily Update 2026-02-12_01-17-28",
      "date": "Thursday, 12 February 2026 01:17:28 UTC"
    },
    {
      "url": "./post-2026-02-11_01-24-24.html",
      "title": "Daily Update 2026-02-11_01-24-24",
      "date": "Wednesday, 11 February 2026 01:24:24 UTC"
    },
    {
      "url": "./post-2026-02-10_01-26-56.html",
      "title": "Daily Update 2026-02-10_01-26-56",
      "date": "Tuesday, 10 February 2026 01:26:56 UTC"
    },
    {
      "url": "./post-2026-02-09_01-18-22.html",
      "title": "Daily Update 2026-02-09_01-18-22",
      "date": "Monday, 09 February 2026 01:18:22 UTC"
    },
    {
      "url": "./post-2026-02-08_01-47-39.html",
      "title": "Daily Update 2026-02-08_01-47-39",
      "date": "Sunday, 08 February 2026 01:47:39 UTC"
    },
    {
      "url": "./post-2026-02-07_01-10-37.html",
      "title": "Daily Update 2026-02-07_01-10-37",
      "date": "Saturday, 07 February 2026 01:10:37 UTC"
    },
    {
      "url": "./post-2026-02-06_01-11-45.html",
      "title": "Daily Update 2026-02-06_01-11-45",
      "date": "Friday, 06 February 2026 01:11:45 UTC"
    },
    {
      "url": "./post-2026-02-05_01-12-59.html",
      "title": "Daily Update 2026-02-05_01-12-59",
      "date": "Thursday, 05 February 2026 01:12:59 UTC"
    },
    {
      "url": "./post-2026-02-04_01-11-46.html",
      "title": "Daily Update 2026-02-04_01-11-46",
      "date": "Wednesday, 04 February 2026 01:11:46 UTC"
    },
    {
      "url": "./post-2026-02-03_01-16-36.html",
      "title": "Daily Update 2026-02-03_01-16-36",
      "date": "Tuesday, 03 February 2026 01:16:36 UTC"
    },
    {
      "url": "./post-2026-02-02_01-16-02.html",
      "title": "Daily Update 2026-02-02_01-16-02",
      "date": "Monday, 02 February 2026 01:16:02 UTC"
    },
    {
      "url": "./post-2026-02-01_01-24-16.html",
      "title": "Daily Update 2026-02-01_01-24-16",
      "date": "Sunday, 01 February 2026 01:24:16 UTC"
    },
    {
      "url": "./post-2026-01-31_01-09-14.html",
      "title": "Daily Update 2026-01-31_01-09-14",
      "date": "Saturday, 31 January 2026 01:09:14 UTC"
    },
    {
      "url": "./post-2026-01-30_01-11-52.html",
      "title": "Daily Update 2026-01-30_01-11-52",
      "date": "Friday, 30 January 2026 01:11:52 UTC"
    },
    {
      "url": "./post-2026-01-29_01-12-43.html",
      "title": "Daily Update 2026-01-29_01-12-43",
      "date": "Thursday, 29 January 2026 01:12:43 UTC"
    },
    {
      "url": "./post-2026-01-28_01-03-05.html",
      "title": "Daily Update 2026-01-28_01-03-05",
      "date": "Wednesday, 28 January 2026 01:03:05 UTC"
    },
    {
      "url": "./post-2026-01-27_01-06-50.html",
      "title": "Daily Update 2026-01-27_01-06-50",
      "date": "Tuesday, 27 January 2026 01:06:50 UTC"
    },
    {
      "url": "./post-2026-01-26_01-07-56.html",
      "title": "Daily Update 2026-01-26_01-07-56",
      "date": "Monday, 26 January 2026 01:07:56 UTC"
    },
    {
      "url": "./post-2026-01-25_01-09-17.html",
      "title": "Daily Update 2026-01-25_01-09-17",
      "date": "Sunday, 25 January 2026 01:09:17 UTC"
    },
    {
      "url": "./post-2026-01-24_01-00-34.html",
      "title": "Daily Update 2026-01-24_01-00-34",
      "date": "Saturday, 24 January 2026 01:00:34 UTC"
    },
    {
      "url": "./post-2026-01-23_01-03-45.html",
      "title": "Daily Update 2026-01-23_01-03-45",
      "date": "Friday, 23 January 2026 01:03:45 UTC"
    },
    {
      "url": "./post-2026-01-22_01-03-42.html",
      "title": "Daily Update 2026-01-22_01-03-42",
      "date": "Thursday, 22 January 2026 01:03:42 UTC"
    },
    {
      "url": "./post-2026-01-21_01-04-04.html",
      "title": "Daily Update 2026-01-21_01-04-04",
      "date": "Wednesday, 21 January 2026 01:04:04 UTC"
    },
    {
      "url": "./post-2026-01-20_01-01-40.html",
      "title": "Daily Update 2026-01-20_01-01-40",
      "date": "Tuesday, 20 January 2026 01:01:40 UTC"
    },
    {
      "url": "./post-2026-01-19_01-06-41.html",
      "title": "Daily Update 2026-01-19_01-06-41",
      "date": "Monday, 19 January 2026 01:06:41 UTC"
    },
    {
      "url": "./post-2026-01-18_01-07-16.html",
      "title": "Daily Update 2026-01-18_01-07-16",
      "date": "Sunday, 18 January 2026 01:07:16 UTC"
    },
    {
      "url": "./post-2026-01-17_01-00-07.html",
      "title": "Daily Update 2026-01-17_01-00-07",
      "date": "Saturday, 17 January 2026 01:00:07 UTC"
    },
    {
      "url": "./post-2026-01-16_01-03-00.html",
      "title": "Daily Update 2026-01-16_01-03-00",
      "date": "Friday, 16 January 2026 01:03:00 UTC"
    },
    {
      "url": "./post-2026-01-15_01-00-06.html",
      "title": "Daily Update 2026-01-15_01-00-06",
      "date": "Thursday, 15 January 2026 01:00:06 UTC"
    },
    {
      "url": "./post-2026-01-14_01-04-23.html",
      "title": "Daily Update 2026-01-14_01-04-23",
      "date": "Wednesday, 14 January 2026 01:04:23 UTC"
    },
    {
      "url": "./post-2026-01-13_00-58-58.html",
      "title": "Daily Update 2026-01-13_00-58-58",
      "date": "Tuesday, 13 January 2026 00:58:58 UTC"
    },
    {
      "url": "./post-2026-01-12_01-05-25.html",
      "title": "Daily Update 2026-01-12_01-05-25",
      "date": "Monday, 12 January 2026 01:05:25 UTC"
    },
    {
      "url": "./post-2026-01-11_01-08-20.html",
      "title": "Daily Update 2026-01-11_01-08-20",
      "date": "Sunday, 11 January 2026 01:08:20 UTC"
    },
    {
      "url": "./post-2026-01-10_01-00-32.html",
      "title": "Daily Update 2026-01-10_01-00-32",
      "date": "Saturday, 10 January 2026 01:00:32 UTC"
    },
    {
      "url": "./post-2026-01-09_01-02-43.html",
      "title": "Daily Update 2026-01-09_01-02-43",
      "date": "Friday, 09 January 2026 01:02:43 UTC"
    },
    {
      "url": "./post-2026-01-08_01-02-21.html",
      "title": "Daily Update 2026-01-08_01-02-21",
      "date": "Thursday, 08 January 2026 01:02:21 UTC"
    },
    {
      "url": "./post-2026-01-07_01-02-20.html",
      "title": "Daily Update 2026-01-07_01-02-20",
      "date": "Wednesday, 07 January 2026 01:02:20 UTC"
    },
    {
      "url": "./post-2026-01-06_01-02-01.html",
      "title": "Daily Update 2026-01-06_01-02-01",
      "date": "Tuesday, 06 January 2026 01:02:01 UTC"
    },
    {
      "url": "./post-2026-01-05_01-07-21.html",
      "title": "Daily Update 2026-01-05_01-07-21",
      "date": "Monday, 05 January 2026 01:07:21 UTC"
    },
    {
      "url": "./post-2026-01-04_01-08-27.html",
      "title": "Daily Update 2026-01-04_01-08-27",
      "date": "Sunday, 04 January 2026 01:08:27 UTC"
    },
    {
      "url": "./post-2026-01-03_00-58-17.html",
      "title": "Daily Update 2026-01-03_00-58-17",
      "date": "Saturday, 03 January 2026 00:58:17 UTC"
    },
    {
      "url": "./post-2026-01-02_01-02-14.html",
      "title": "Daily Update 2026-01-02_01-02-14",
      "date": "Friday, 02 January 2026 01:02:14 UTC"
    },
    {
      "url": "./post-2026-01-01_01-07-45.html",
      "title": "Daily Update 2026-01-01_01-07-45",
      "date": "Thursday, 01 January 2026 01:07:45 UTC"
    },
    {
      "url": "./post-2025-12-31_01-02-04.html",
      "title": "Daily Update 2025-12-31_01-02-04",
      "date": "Wednesday, 31 December 2025 01:02:04 UTC"
    },
    {
      "url": "./post-2025-12-30_01-00-38.html",
      "title": "Daily Update 2025-12-30_01-00-38",
      "date": "Tuesday, 30 December 2025 01:00:38 UTC"
    },
    {
      "url": "./post-2025-12-29_01-05-57.html",
      "title": "Daily Update 2025-12-29_01-05-57",
      "date": "Monday, 29 December 2025 01:05:57 UTC"
    },
    {
      "url": "./post-2025-12-28_01-07-31.html",
      "title": "Daily Update 2025-12-28_01-07-31",
      "date": "Sunday, 28 December 2025 01:07:31 UTC"
    }
  ]
}
